{"longitudinal": {"order": 3, "Coefficients": [-4.636451940177616e-08, 6.998043824133381e-05, -0.03660759569362257, 7.437260853906671], "InvCoefficients": [-19.777777777778024, 169.14285714285856, -536.1984126984153, 794.2857142857162]}, "lateral": {"order": 3, "Coefficients": [2.1615874888119507e-06, -0.0021347055522991628, 1.8004931262886787, -81.00068177010618], "InvCoefficients": [-1.0602716590630142e-06, 0.0011619604687957143, 0.4833435334930976, 56.19634800703633]}}