{"longitudinal": {"order": 3, "Coefficients": [-2.4606268677503043e-08, 2.7975019409928067e-05, -0.012907626961468303, 2.9772025390844785], "InvCoefficients": [-36.66666666666664, 261.2857142857145, -720.190476190477, 781.0000000000003]}, "lateral": {"order": 3, "Coefficients": [9.244444410666568e-08, -0.0001235381357523161, 0.8588659417521729, 196.33453668456045], "InvCoefficients": [-1.9905274061135128e-07, 0.00034090861949083765, 1.0497882695698477, -217.59930294270478]}}