{"longitudinal": {"order": 3, "Coefficients": [-1.620340673883321e-09, 3.5914164828680787e-06, -0.003688228348854012, 1.616227708208085], "InvCoefficients": [-122.66666666666859, 571.4285714285758, -1187.190476190479, 941.6000000000005]}, "lateral": {"order": 3, "Coefficients": [2.496273209526396e-07, -0.00027731578576424705, 0.6645404729269178, 399.6616194008265], "InvCoefficients": [5.426327664604085e-08, -0.00012006221839013359, 0.09906693024439063, -34.40876338204094, 4214.5787980178875]}}