{"CameraMatrix": [593.478733990891, 0.0, 652.03466028884, 0.0, 591.2541004986383, 348.9006884387685, 0.0, 0.0, 1.0], "DistortionCoefficients": [-0.20095175070574495, 0.05219970678287853, 0.001063275713292626, -0.002211032611909837, -0.0071612304262228706]}