{"CameraMatrix": [402.053325014647, 0.0, 465.31003646404776, 0.0, 418.26682930335744, 271.07110285291884, 0.0, 0.0, 1.0], "DistortionCoefficients": [-0.12039176349690177, -0.0024793417641733226, -0.001627928479944485, 0.00030654824691220435, 0.005338420022689836]}