{"CameraMatrix": [541.7120383768412, 0.0, 464.23749278664167, 0.0, 563.6908654566619, 277.1162968731327, 0.0, 0.0, 1.0], "DistortionCoefficients": [-0.3626926530225303, 0.1451341163649159, -0.0002631798222837235, 0.0011649153798973025, -0.029112963177453398]}