{"CameraMatrix": [366.7693130123882, 0.0, 468.4394749476828, 0.0, 381.7990106616945, 257.98401684407844, 0.0, 0.0, 1.0], "DistortionCoefficients": [-0.16557828573701633, 0.02765991062104047, 0.0015520406741461946, 0.001307261373789076, -0.0023847543039381774]}