{"CameraMatrix": [307.97829429784235, 0.0, 469.4383862306941, 0.0, 319.53332343169734, 264.5733124014446, 0.0, 0.0, 1.0], "DistortionCoefficients": [-0.1357368480989603, 0.020062698064425528, 5.835040848916839e-05, -0.0006151640626695925, -0.0014774147469474612]}